{
"lengthUnit": "mil",
"components": {
	"fields": ["COMPONENT_NO", "COMPONENT_NAME", "LAYER", "X_COORDINATE", "Y_COORDINATE", "ANGLE"],
	"rows": [
		[1, "H1", "T", 130, -1340, 0],
		[2, "H2", "T", 135, -1060, 0],
		[3, "SW1", "T", 450, -475, 270],
		[4, "U1", "B", 3160, -1830, 0],
		[5, "U3", "T", 1575, -1610, 90],
		[6, "U4", "T", 3185, -165, 90],
		[7, "U5", "T", 3190, -540, 90],
		[8, "U6", "T", 3190, -910, 90],
		[9, "U7", "T", 2735, -985, 90],
		[10, "U8", "T", 790, -1485, 0],
		[11, "U10", "B", 655, -450, 180],
		[12, "U11", "B", 2080, -445, 180],
		[13, "U12", "B", 665, -1480, 180],
		[14, "U13", "B", 2085, -1485, 180]
	]
},
"pins": {
	"fields": ["PIN_NO", "PIN_NAME", "PIN_X", "PIN_Y", "LAYER", "PIN_TYPE", "NET_NAME", "NET_TYPE", "PAD_SHAPE", "PAD_SIZEX", "PAD_SIZEY", "HOLE_SIZE", "PAD_ANGLE"],
	"rows": [
		[1, "H1_1", 80, -1340, "T", "DIP", "VCC", "", "R", 66.93, 66.93, 39.37, 0],
		[2, "H1_1", 80, -1340, "B", "DIP", "VCC", "", "R", 66.93, 66.93, 39.37, 0],
		[3, "H1_2", 180, -1340, "T", "DIP", "VCC", "", "C", 66.93, 66.93, 39.37, 0],
		[4, "H1_2", 180, -1340, "B", "DIP", "VCC", "", "C", 66.93, 66.93, 39.37, 0],
		[5, "H2_1", 85, -1060, "T", "DIP", "GND", "GND", "R", 66.93, 66.93, 39.37, 0],
		[6, "H2_1", 85, -1060, "B", "DIP", "GND", "GND", "R", 66.93, 66.93, 39.37, 0],
		[7, "H2_2", 185, -1060, "T", "DIP", "GND", "GND", "C", 66.93, 66.93, 39.37, 0],
		[8, "H2_2", 185, -1060, "B", "DIP", "GND", "GND", "C", 66.93, 66.93, 39.37, 0],
		[9, "SW1_1", 450, -289.96, "T", "DIP", "+12V", "", "R", 98.42, 118.11, 70.87, 270],
		[10, "SW1_1", 450, -289.96, "B", "DIP", "+12V", "", "R", 98.42, 118.11, 70.87, 270],
		[11, "SW1_2", 450, -475, "T", "DIP", "VCC", "", "C", 118.11, 118.11, 70.87, 270],
		[12, "SW1_2", 450, -475, "B", "DIP", "VCC", "", "C", 118.11, 118.11, 70.87, 270],
		[13, "SW1_3", 450, -660.04, "T", "DIP", "SW1_3", "", "C", 118.11, 118.11, 70.87, 270],
		[14, "SW1_3", 450, -660.04, "B", "DIP", "SW1_3", "", "C", 118.11, 118.11, 70.87, 270],
		[15, "U1_1", 3160, -1830, "T", "DIP", "GND", "GND", "R", 70, 70, 38, 270],
		[16, "U1_1", 3160, -1830, "B", "DIP", "GND", "GND", "R", 70, 70, 38, 270],
		[17, "U1_2", 3260, -1830, "T", "DIP", "+5V", "", "C", 70, 70, 38, 270],
		[18, "U1_2", 3260, -1830, "B", "DIP", "+5V", "", "C", 70, 70, 38, 270],
		[19, "U1_3", 3360, -1830, "T", "DIP", "A6", "", "C", 70, 70, 38, 270],
		[20, "U1_3", 3360, -1830, "B", "DIP", "A6", "", "C", 70, 70, 38, 270],
		[21, "U3_1", 1575, -1610, "T", "DIP", "GND", "GND", "R", 70, 70, 38, 180],
		[22, "U3_1", 1575, -1610, "B", "DIP", "GND", "GND", "R", 70, 70, 38, 180],
		[23, "U3_2", 1575, -1510, "T", "DIP", "+5V", "", "C", 70, 70, 38, 180],
		[24, "U3_2", 1575, -1510, "B", "DIP", "+5V", "", "C", 70, 70, 38, 180],
		[25, "U3_3", 1575, -1410, "T", "DIP", "A5", "", "C", 70, 70, 38, 180],
		[26, "U3_3", 1575, -1410, "B", "DIP", "A5", "", "C", 70, 70, 38, 180],
		[27, "U4_1", 3085, -165, "T", "DIP", "GND", "GND", "C", 70.87, 70.87, 39.37, 90],
		[28, "U4_1", 3085, -165, "B", "DIP", "GND", "GND", "C", 70.87, 70.87, 39.37, 90],
		[29, "U4_2", 3185, -165, "T", "DIP", "+5V", "", "R", 70.87, 70.87, 39.37, 90],
		[30, "U4_2", 3185, -165, "B", "DIP", "+5V", "", "R", 70.87, 70.87, 39.37, 90],
		[31, "U4_3", 3295.28, -165, "T", "DIP", "A8", "", "C", 70.87, 70.87, 39.37, 90],
		[32, "U4_3", 3295.28, -165, "B", "DIP", "A8", "", "C", 70.87, 70.87, 39.37, 90],
		[33, "U5_1", 3090, -540, "T", "DIP", "GND", "GND", "C", 70.87, 70.87, 39.37, 90],
		[34, "U5_1", 3090, -540, "B", "DIP", "GND", "GND", "C", 70.87, 70.87, 39.37, 90],
		[35, "U5_2", 3190, -540, "T", "DIP", "+5V", "", "R", 70.87, 70.87, 39.37, 90],
		[36, "U5_2", 3190, -540, "B", "DIP", "+5V", "", "R", 70.87, 70.87, 39.37, 90],
		[37, "U5_3", 3300.28, -540, "T", "DIP", "A9", "", "C", 70.87, 70.87, 39.37, 90],
		[38, "U5_3", 3300.28, -540, "B", "DIP", "A9", "", "C", 70.87, 70.87, 39.37, 90],
		[39, "U6_1", 3090, -910, "T", "DIP", "GND", "GND", "C", 70.87, 70.87, 39.37, 90],
		[40, "U6_1", 3090, -910, "B", "DIP", "GND", "GND", "C", 70.87, 70.87, 39.37, 90],
		[41, "U6_2", 3190, -910, "T", "DIP", "+5V", "", "R", 70.87, 70.87, 39.37, 90],
		[42, "U6_2", 3190, -910, "B", "DIP", "+5V", "", "R", 70.87, 70.87, 39.37, 90],
		[43, "U6_3", 3300.28, -910, "T", "DIP", "A10", "", "C", 70.87, 70.87, 39.37, 90],
		[44, "U6_3", 3300.28, -910, "B", "DIP", "A10", "", "C", 70.87, 70.87, 39.37, 90],
		[45, "U7_1", 2636, -225, "T", "DIP", "U7_1", "", "R", 59.05, 59.05, 35.43, 180],
		[46, "U7_1", 2636, -225, "B", "DIP", "U7_1", "", "R", 59.05, 59.05, 35.43, 180],
		[47, "U7_2", 2536, -225, "T", "DIP", "U7_2", "", "C", 59.05, 59.05, 35.43, 180],
		[48, "U7_2", 2536, -225, "B", "DIP", "U7_2", "", "C", 59.05, 59.05, 35.43, 180],
		[49, "U7_3", 2436, -225, "T", "DIP", "U7_3", "", "C", 59.05, 59.05, 35.43, 180],
		[50, "U7_3", 2436, -225, "B", "DIP", "U7_3", "", "C", 59.05, 59.05, 35.43, 180],
		[51, "U7_4", 2336, -225, "T", "DIP", "U7_4", "", "C", 59.05, 59.05, 35.43, 180],
		[52, "U7_4", 2336, -225, "B", "DIP", "U7_4", "", "C", 59.05, 59.05, 35.43, 180],
		[53, "U7_5", 2236, -225, "T", "DIP", "U7_5", "", "C", 59.05, 59.05, 35.43, 180],
		[54, "U7_5", 2236, -225, "B", "DIP", "U7_5", "", "C", 59.05, 59.05, 35.43, 180],
		[55, "U7_6", 2136, -225, "T", "DIP", "U7_6", "", "C", 59.05, 59.05, 35.43, 180],
		[56, "U7_6", 2136, -225, "B", "DIP", "U7_6", "", "C", 59.05, 59.05, 35.43, 180],
		[57, "U7_7", 2036, -225, "T", "DIP", "U7_7", "", "C", 59.05, 59.05, 35.43, 180],
		[58, "U7_7", 2036, -225, "B", "DIP", "U7_7", "", "C", 59.05, 59.05, 35.43, 180],
		[59, "U7_8", 1936, -225, "T", "DIP", "U7_8", "", "C", 59.05, 59.05, 35.43, 180],
		[60, "U7_8", 1936, -225, "B", "DIP", "U7_8", "", "C", 59.05, 59.05, 35.43, 180],
		[61, "U7_9", 1836, -225, "T", "DIP", "U7_9", "", "C", 59.05, 59.05, 35.43, 180],
		[62, "U7_9", 1836, -225, "B", "DIP", "U7_9", "", "C", 59.05, 59.05, 35.43, 180],
		[63, "U7_10", 1736, -225, "T", "DIP", "A5", "", "C", 59.05, 59.05, 35.43, 180],
		[64, "U7_10", 1736, -225, "B", "DIP", "A5", "", "C", 59.05, 59.05, 35.43, 180],
		[65, "U7_11", 1636, -225, "T", "DIP", "A6", "", "C", 59.05, 59.05, 35.43, 180],
		[66, "U7_11", 1636, -225, "B", "DIP", "A6", "", "C", 59.05, 59.05, 35.43, 180],
		[67, "U7_12", 1536, -225, "T", "DIP", "U7_12", "", "C", 59.05, 59.05, 35.43, 180],
		[68, "U7_12", 1536, -225, "B", "DIP", "U7_12", "", "C", 59.05, 59.05, 35.43, 180],
		[69, "U7_13", 1436, -225, "T", "DIP", "U7_13", "", "C", 59.05, 59.05, 35.63, 180],
		[70, "U7_13", 1436, -225, "B", "DIP", "U7_13", "", "C", 59.05, 59.05, 35.63, 180],
		[71, "U7_14", 1336, -225, "T", "DIP", "U7_14", "", "C", 59.05, 59.05, 35.43, 180],
		[72, "U7_14", 1336, -225, "B", "DIP", "U7_14", "", "C", 59.05, 59.05, 35.43, 180],
		[73, "U7_15", 1236, -225, "T", "DIP", "U7_15", "", "C", 59.05, 59.05, 35.63, 180],
		[74, "U7_15", 1236, -225, "B", "DIP", "U7_15", "", "C", 59.05, 59.05, 35.63, 180],
		[75, "U7_16", 1136, -225, "T", "DIP", "U7_16", "", "C", 59.05, 59.05, 35.63, 180],
		[76, "U7_16", 1136, -225, "B", "DIP", "U7_16", "", "C", 59.05, 59.05, 35.63, 180],
		[77, "U7_17", 1036, -225, "T", "DIP", "U7_17", "", "C", 59.05, 59.05, 35.63, 180],
		[78, "U7_17", 1036, -225, "B", "DIP", "U7_17", "", "C", 59.05, 59.05, 35.63, 180],
		[79, "U7_18", 936, -225, "T", "DIP", "U7_18", "", "C", 59.05, 59.05, 35.43, 180],
		[80, "U7_18", 936, -225, "B", "DIP", "U7_18", "", "C", 59.05, 59.05, 35.43, 180],
		[81, "U7_19", 836, -225, "T", "DIP", "GND", "GND", "C", 59.05, 59.05, 35.43, 180],
		[82, "U7_19", 836, -225, "B", "DIP", "GND", "GND", "C", 59.05, 59.05, 35.43, 180],
		[83, "U7_20", 736, -225, "T", "DIP", "GND", "GND", "C", 59.05, 59.05, 35.43, 180],
		[84, "U7_20", 736, -225, "B", "DIP", "GND", "GND", "C", 59.05, 59.05, 35.43, 180],
		[85, "U7_21", 736, -825, "T", "DIP", "U7_21", "", "C", 59.05, 59.05, 35.63, 180],
		[86, "U7_21", 736, -825, "B", "DIP", "U7_21", "", "C", 59.05, 59.05, 35.63, 180],
		[87, "U7_22", 836, -825, "T", "DIP", "U7_22", "", "C", 59.05, 59.05, 35.63, 180],
		[88, "U7_22", 836, -825, "B", "DIP", "U7_22", "", "C", 59.05, 59.05, 35.63, 180],
		[89, "U7_23", 936, -825, "T", "DIP", "U7_23", "", "C", 59.05, 59.05, 35.63, 180],
		[90, "U7_23", 936, -825, "B", "DIP", "U7_23", "", "C", 59.05, 59.05, 35.63, 180],
		[91, "U7_24", 1036, -825, "T", "DIP", "U7_24", "", "C", 59.05, 59.05, 35.63, 180],
		[92, "U7_24", 1036, -825, "B", "DIP", "U7_24", "", "C", 59.05, 59.05, 35.63, 180],
		[93, "U7_25", 1136, -825, "T", "DIP", "A8", "", "C", 59.05, 59.05, 35.63, 180],
		[94, "U7_25", 1136, -825, "B", "DIP", "A8", "", "C", 59.05, 59.05, 35.63, 180],
		[95, "U7_26", 1236, -825, "T", "DIP", "A9", "", "C", 59.05, 59.05, 35.63, 180],
		[96, "U7_26", 1236, -825, "B", "DIP", "A9", "", "C", 59.05, 59.05, 35.63, 180],
		[97, "U7_27", 1336, -825, "T", "DIP", "A10", "", "C", 59.05, 59.05, 35.63, 180],
		[98, "U7_27", 1336, -825, "B", "DIP", "A10", "", "C", 59.05, 59.05, 35.63, 180],
		[99, "U7_28", 1436, -825, "T", "DIP", "U7_28", "", "C", 59.05, 59.05, 35.63, 180],
		[100, "U7_28", 1436, -825, "B", "DIP", "U7_28", "", "C", 59.05, 59.05, 35.63, 180],
		[101, "U7_29", 1536, -825, "T", "DIP", "U7_29", "", "C", 59.05, 59.05, 35.63, 180],
		[102, "U7_29", 1536, -825, "B", "DIP", "U7_29", "", "C", 59.05, 59.05, 35.63, 180],
		[103, "U7_30", 1636, -825, "T", "DIP", "U7_30", "", "C", 59.05, 59.05, 35.63, 180],
		[104, "U7_30", 1636, -825, "B", "DIP", "U7_30", "", "C", 59.05, 59.05, 35.63, 180],
		[105, "U7_31", 1736, -825, "T", "DIP", "U7_31", "", "C", 59.05, 59.05, 35.63, 180],
		[106, "U7_31", 1736, -825, "B", "DIP", "U7_31", "", "C", 59.05, 59.05, 35.63, 180],
		[107, "U7_32", 1836, -825, "T", "DIP", "U7_32", "", "C", 59.05, 59.05, 35.63, 180],
		[108, "U7_32", 1836, -825, "B", "DIP", "U7_32", "", "C", 59.05, 59.05, 35.63, 180],
		[109, "U7_33", 1936, -825, "T", "DIP", "U7_33", "", "C", 59.05, 59.05, 35.63, 180],
		[110, "U7_33", 1936, -825, "B", "DIP", "U7_33", "", "C", 59.05, 59.05, 35.63, 180],
		[111, "U7_34", 2036, -825, "T", "DIP", "U7_34", "", "C", 59.05, 59.05, 35.63, 180],
		[112, "U7_34", 2036, -825, "B", "DIP", "U7_34", "", "C", 59.05, 59.05, 35.63, 180],
		[113, "U7_35", 2136, -825, "T", "DIP", "U7_35", "", "C", 59.05, 59.05, 35.63, 180],
		[114, "U7_35", 2136, -825, "B", "DIP", "U7_35", "", "C", 59.05, 59.05, 35.63, 180],
		[115, "U7_36", 2236, -825, "T", "DIP", "U7_36", "", "C", 59.05, 59.05, 35.63, 180],
		[116, "U7_36", 2236, -825, "B", "DIP", "U7_36", "", "C", 59.05, 59.05, 35.63, 180],
		[117, "U7_37", 2336, -825, "T", "DIP", "U7_37", "", "C", 59.05, 59.05, 35.63, 180],
		[118, "U7_37", 2336, -825, "B", "DIP", "U7_37", "", "C", 59.05, 59.05, 35.63, 180],
		[119, "U7_38", 2436, -825, "T", "DIP", "+5V", "", "C", 59.05, 59.05, 35.63, 180],
		[120, "U7_38", 2436, -825, "B", "DIP", "+5V", "", "C", 59.05, 59.05, 35.63, 180],
		[121, "U7_39", 2536, -825, "T", "DIP", "GND", "GND", "C", 59.05, 59.05, 35.63, 180],
		[122, "U7_39", 2536, -825, "B", "DIP", "GND", "GND", "C", 59.05, 59.05, 35.63, 180],
		[123, "U7_40", 2636, -825, "T", "DIP", "U7_40", "", "R", 59.05, 59.05, 35.63, 180],
		[124, "U7_40", 2636, -825, "B", "DIP", "U7_40", "", "R", 59.05, 59.05, 35.63, 180],
		[125, "U8_1", 455, -1245, "T", "DIP", "GND", "GND", "C", 70.87, 70.87, 35.43, 0],
		[126, "U8_1", 455, -1245, "B", "DIP", "GND", "GND", "C", 70.87, 70.87, 35.43, 0],
		[127, "U8_1", 455, -1345, "T", "DIP", "GND", "GND", "C", 70.87, 70.87, 35.43, 0],
		[128, "U8_1", 455, -1345, "B", "DIP", "GND", "GND", "C", 70.87, 70.87, 35.43, 0],
		[129, "U8_1", 405, -1245, "T", "SMD", "GND", "GND", "O", 157.48, 78.74, 0, 180],
		[130, "U8_1", 405, -1345, "T", "SMD", "GND", "GND", "O", 157.48, 78.74, 0, 180],
		[131, "U8_2", 455, -1665, "T", "DIP", "+12V", "", "C", 70.87, 70.87, 35.43, 0],
		[132, "U8_2", 455, -1665, "B", "DIP", "+12V", "", "C", 70.87, 70.87, 35.43, 0],
		[133, "U8_2", 455, -1765, "T", "DIP", "+12V", "", "C", 70.87, 70.87, 35.43, 0],
		[134, "U8_2", 455, -1765, "B", "DIP", "+12V", "", "C", 70.87, 70.87, 35.43, 0],
		[135, "U8_2", 405, -1665, "T", "SMD", "+12V", "", "O", 157.48, 78.74, 0, 180],
		[136, "U8_2", 405, -1765, "T", "SMD", "+12V", "", "O", 157.48, 78.74, 0, 180],
		[137, "U8_3", 1185, -1765, "T", "DIP", "+5V", "", "C", 70.87, 70.87, 35.43, 0],
		[138, "U8_3", 1185, -1765, "B", "DIP", "+5V", "", "C", 70.87, 70.87, 35.43, 0],
		[139, "U8_3", 1185, -1665, "T", "DIP", "+5V", "", "C", 70.87, 70.87, 35.43, 0],
		[140, "U8_3", 1185, -1665, "B", "DIP", "+5V", "", "C", 70.87, 70.87, 35.43, 0],
		[141, "U8_3", 1235, -1665, "T", "SMD", "+5V", "", "O", 157.48, 78.74, 0, 0],
		[142, "U8_3", 1235, -1765, "T", "SMD", "+5V", "", "O", 157.48, 78.74, 0, 0],
		[143, "U8_4", 1185, -1345, "T", "DIP", "GND", "GND", "C", 70.87, 70.87, 35.43, 0],
		[144, "U8_4", 1185, -1345, "B", "DIP", "GND", "GND", "C", 70.87, 70.87, 35.43, 0],
		[145, "U8_4", 1185, -1245, "T", "DIP", "GND", "GND", "C", 70.87, 70.87, 35.43, 0],
		[146, "U8_4", 1185, -1245, "B", "DIP", "GND", "GND", "C", 70.87, 70.87, 35.43, 0],
		[147, "U8_4", 1235, -1245, "T", "SMD", "GND", "GND", "O", 157.48, 78.74, 0, 0],
		[148, "U8_4", 1235, -1345, "T", "SMD", "GND", "GND", "O", 157.48, 78.74, 0, 0],
		[149, "U10_1", 1265.24, -450, "T", "DIP", "GND", "GND", "C", 62.99, 62.99, 39.37, 180],
		[150, "U10_1", 1265.24, -450, "B", "DIP", "GND", "GND", "C", 62.99, 62.99, 39.37, 180],
		[151, "U10_2", 44.76, -450, "T", "DIP", "NET1", "", "C", 62.99, 62.99, 39.37, 180],
		[152, "U10_2", 44.76, -450, "B", "DIP", "NET1", "", "C", 62.99, 62.99, 39.37, 180],
		[153, "U11_1", 2690.24, -445, "T", "DIP", "NET1", "", "C", 62.99, 62.99, 39.37, 180],
		[154, "U11_1", 2690.24, -445, "B", "DIP", "NET1", "", "C", 62.99, 62.99, 39.37, 180],
		[155, "U11_2", 1469.76, -445, "T", "DIP", "NET2", "", "C", 62.99, 62.99, 39.37, 180],
		[156, "U11_2", 1469.76, -445, "B", "DIP", "NET2", "", "C", 62.99, 62.99, 39.37, 180],
		[157, "U12_1", 1275.24, -1480, "T", "DIP", "NET2", "", "C", 62.99, 62.99, 39.37, 180],
		[158, "U12_1", 1275.24, -1480, "B", "DIP", "NET2", "", "C", 62.99, 62.99, 39.37, 180],
		[159, "U12_2", 54.76, -1480, "T", "DIP", "NET3", "", "C", 62.99, 62.99, 39.37, 180],
		[160, "U12_2", 54.76, -1480, "B", "DIP", "NET3", "", "C", 62.99, 62.99, 39.37, 180],
		[161, "U13_1", 2695.24, -1485, "T", "DIP", "NET3", "", "C", 62.99, 62.99, 39.37, 180],
		[162, "U13_1", 2695.24, -1485, "B", "DIP", "NET3", "", "C", 62.99, 62.99, 39.37, 180],
		[163, "U13_2", 1474.76, -1485, "T", "DIP", "VCC", "", "C", 62.99, 62.99, 39.37, 180],
		[164, "U13_2", 1474.76, -1485, "B", "DIP", "VCC", "", "C", 62.99, 62.99, 39.37, 180]
	]
}
}